	word	SWN3	Nanger	Nanticipation	Ndisgust	Nfear	Njoy	Nnegative	Npositive	Nsadness	Nsurprise	Ntrust	AFINN	OPFIND
417	abandon	-0.130859375	0	0	0	1	0	1	0	1	0	0	-2	negative
418	abandoned	0.0625	1	0	0	1	0	1	0	1	0	0	-2	negative
535	abhor	-0.25	1	0	1	1	0	1	0	0	0	0	-3	negative
538	abhorrent	-0.625	1	0	1	1	0	1	0	0	0	0	-3	negative
563	ability	0.25	0	0	0	0	0	0	1	0	0	0	2	positive
738	absentee	-0.625	0	0	0	0	0	1	0	1	0	0	-1	negative
849	abuse	-0.51171875	1	0	1	1	0	1	0	1	0	0	-3	negative
1008	accept	0.0668945313	0	0	0	0	0	0	0	0	0	0	1	positive
1049	accidental	-0.125	0	0	0	1	0	1	0	0	1	0	-2	negative
1178	accusation	-0.125	1	0	1	0	0	1	0	0	0	0	-2	negative
1188	accusing	-0.5	1	0	0	1	0	1	0	0	0	0	-2	negative
1282	ache	-0.34375	0	0	0	0	0	1	0	1	0	0	-2	negative
1683	active	0.1910533905	0	0	0	0	0	0	0	0	0	0	1	positive
1942	adequate	0.03125	0	0	0	0	0	0	0	0	0	0	1	positive
2073	admire	0.5625	0	0	0	0	0	0	1	0	0	1	3	positive
2087	admit	0.0009765625	0	0	0	0	0	0	0	0	0	0	-1	positive
2139	adorable	0.5	0	0	0	0	1	0	1	0	0	0	3	positive
2143	adore	0.375	0	1	0	0	1	0	1	0	0	1	3	positive
2232	advanced	0.2529296875	0	0	0	0	0	0	1	0	0	0	1	positive
2237	advantage	0.203125	0	0	0	0	0	0	1	0	0	0	2	positive
2254	adventure	0.03125	0	1	0	0	0	0	1	0	0	0	2	positive
2262	adventurous	0.375	0	0	0	0	0	0	1	0	0	0	2	positive
2499	affection	0.375	0	0	0	0	1	0	1	0	0	1	3	positive
2589	afraid	-0.53125	0	0	0	1	0	1	0	0	0	0	-2	negative
2818	aggravating	-0.25	1	0	0	0	0	1	0	1	0	0	-2	negative
2829	aggression	-0.21875	1	0	0	1	0	1	0	0	0	0	-2	negative
2831	aggressive	0.0625	1	0	0	1	0	1	0	0	0	0	-2	negative
2841	aghast	0.25	0	0	1	1	0	1	0	0	1	0	-2	negative
2907	agonizing	-0.5	0	0	0	1	0	1	0	0	0	0	-3	negative
2926	agree	0.107421875	0	0	0	0	0	0	1	0	0	0	1	positive
2928	agreeable	0.15625	0	0	0	0	0	0	1	0	0	1	2	positive
2934	agreement	0.0625	0	0	0	0	0	0	1	0	0	1	1	positive
3357	alarm	0.015625	0	0	0	1	0	1	0	0	1	0	-2	negative
3782	alienation	-0.3125	1	0	1	1	0	1	0	1	0	0	-2	negative
4538	amaze	-0.1875	0	0	0	0	0	0	0	0	1	0	2	positive
5152	amuse	0.75	0	0	0	0	1	0	1	0	0	0	3	positive
5154	amusement	-0.1875	0	0	0	0	1	0	1	0	0	0	3	positive
5688	anger	-0.0625	1	0	0	0	0	1	0	0	0	0	-3	negative
5806	angry	-0.46875	1	0	1	0	0	1	0	0	0	0	-3	negative
5823	anguish	-0.5	1	0	0	1	0	1	0	1	0	0	-3	negative
5928	animosity	-0.125	1	0	1	1	0	1	0	1	0	0	-2	negative
6047	annoyance	-0.234375	1	0	1	0	0	1	0	0	0	0	-2	negative
6050	annoying	-0.375	1	0	0	0	0	1	0	0	0	0	-2	negative
6208	antagonistic	-0.34375	1	0	1	0	0	1	0	0	0	0	-2	negative
6725	anxiety	-0.375	1	1	0	1	0	1	0	1	0	0	-2	negative
6733	anxious	-0.1875	0	1	0	1	0	1	0	0	0	0	-2	negative
6779	apathetic	-0.25	0	0	0	0	0	1	0	1	0	0	-3	negative
6781	apathy	-0.4375	0	0	0	0	0	1	0	1	0	0	-3	negative
6903	apocalyptic	-0.125	0	0	0	0	0	0	0	0	0	0	-2	negative
7028	appalling	-0.1875	0	0	1	1	0	1	0	0	0	0	-2	negative
7060	appease	0.34375	0	0	0	0	0	0	0	0	0	0	2	positive
7200	appreciation	0.171875	0	0	0	0	1	0	1	0	0	1	2	positive
7211	apprehensive	-0.125	0	1	0	1	0	1	0	0	0	0	-2	negative
7242	approval	0.390625	0	0	0	0	0	0	1	0	0	0	2	positive
7713	ardent	0.09375	0	1	0	0	1	0	1	0	0	0	1	positive
8162	arrogant	0.125	1	0	1	0	0	1	0	0	0	0	-2	negative
8721	ashamed	-0.75	0	0	1	0	0	1	0	1	0	0	-2	negative
9673	attack	-0.2530517578	1	0	0	1	0	1	0	0	0	0	-1	negative
9758	attraction	0.0234375	0	0	0	0	0	0	1	0	0	0	2	positive
9809	audacious	0.34375	0	0	0	0	0	0	0	0	0	0	3	negative
10372	avid	0.3125	0	0	0	0	0	0	0	0	0	0	2	positive
10397	avoid	-0.1953125	0	0	0	1	0	1	0	0	0	0	-1	negative
10424	award	0.125	0	1	0	0	1	0	1	0	1	1	3	positive
10446	awful	0.0546875	1	0	1	1	0	1	0	1	0	0	-3	negative
10940	bad	-0.2861785889	1	0	1	1	0	1	0	1	0	0	-3	negative
10973	badly	-0.1752929688	0	0	0	0	0	1	0	1	0	0	-3	negative
11523	bankrupt	-0.09375	0	0	0	1	0	1	0	1	0	0	-3	negative
11718	bargain	0.0625	0	0	0	0	0	0	1	0	0	1	2	positive
12145	bastard	-0.328125	0	0	1	0	0	1	0	1	0	0	-5	negative
12289	battle	-0.125	1	0	0	0	0	1	0	0	0	0	-1	negative
12721	beautiful	0.6875	0	0	0	0	1	0	1	0	0	0	3	positive
12723	beautify	0.3125	0	0	0	0	1	0	1	0	0	0	3	positive
13125	belittle	-0.0625	1	0	1	1	0	1	0	1	0	0	-2	negative
13347	benefit	0.53125	0	0	0	0	0	0	1	0	0	0	2	positive
13708	betray	-0.4609375	1	0	1	0	0	1	0	1	1	0	-3	negative
13709	betrayal	-0.125	1	0	1	0	0	1	0	1	0	0	-3	negative
13820	bias	0.0390625	1	0	0	0	0	1	0	0	0	0	-1	negative
14571	bitch	-0.33984375	1	0	1	1	0	1	0	1	0	0	-5	negative
14623	bitterly	-0.21875	1	0	1	0	0	1	0	1	0	0	-2	negative
14658	bizarre	-0.25	0	0	0	0	0	1	0	0	1	0	-2	negative
14991	blame	-0.3046875	1	0	1	0	0	1	0	0	0	0	-2	negative
15176	bless	-0.125	0	1	0	0	1	0	1	0	0	1	2	positive
15185	blessing	0.171875	0	1	0	0	1	0	1	0	0	1	3	positive
15208	blind	-0.3071289063	0	0	0	0	0	1	0	0	0	0	-1	negative
15253	bliss	-0.375	0	0	0	0	1	0	1	0	0	0	3	positive
15254	blissful	-0.125	0	0	0	0	1	0	1	0	0	0	3	positive
15286	block	-0.0015566945	0	0	0	0	0	0	0	0	0	0	-1	negative
15418	bloody	-0.109375	1	0	1	1	0	1	0	1	0	0	-3	negative
15984	bold	0.109375	0	0	0	0	0	0	1	0	0	0	2	positive
16065	bomb	-0.03125	1	0	0	1	0	1	0	1	1	0	-1	negative
16363	boost	0.0703125	0	0	0	0	0	0	0	0	0	0	1	positive
16444	bore	0.046875	0	0	0	0	0	1	0	0	0	0	-2	negative
16457	boring	-0.0625	0	0	0	0	0	1	0	0	0	0	-3	negative
16583	bother	-0.5595703125	0	0	0	0	0	1	0	0	0	0	-2	negative
17587	brightness	0.21875	0	0	0	0	0	0	1	0	0	0	1	positive
17598	brilliant	0.6171875	0	1	0	0	1	0	1	0	0	1	4	positive
17658	brisk	0.28125	0	0	0	0	0	0	0	0	0	0	2	positive
17833	broke	-0.375	0	0	0	1	0	1	0	1	0	0	-1	negative
18537	bully	0.1171875	1	0	0	1	0	1	0	0	0	0	-2	negative
18674	burden	-0.02734375	0	0	0	0	0	0	0	0	0	0	-2	negative
19880	calm	-0.009765625	0	0	0	0	0	0	1	0	0	0	2	positive
20262	cancer	-0.0625	1	0	1	1	0	1	0	1	0	0	-1	negative
20548	capable	-0.015625	0	0	0	0	0	0	0	0	0	0	1	positive
21288	care	0.033203125	0	0	0	0	0	0	0	0	0	0	2	positive
21303	careful	0.1015625	0	0	0	0	0	0	1	0	0	0	2	positive
21984	casualty	-0.515625	1	0	0	1	0	1	0	1	0	0	-2	negative
22109	catastrophe	-0.3125	1	0	1	1	0	1	0	1	1	0	-3	negative
22382	cautious	0.4375	0	1	0	1	0	0	1	0	0	1	-1	negative
22547	celebrated	0.0625	0	1	0	0	1	0	1	0	0	0	3	positive
23215	chagrin	-0.25	0	0	1	0	0	1	0	1	0	0	-2	negative
23299	challenge	0.0048828125	1	0	0	1	0	1	0	0	0	0	-1	negative
23476	chaos	-0.15625	1	0	0	1	0	1	0	1	0	0	-2	negative
23477	chaotic	-0.1875	1	0	0	0	0	1	0	0	0	0	-2	negative
23699	charm	0.1015625	0	0	0	0	0	0	1	0	0	0	3	positive
23704	charming	0.3125	0	0	0	0	0	0	1	0	0	0	3	positive
23810	cheat	-0.2788085938	1	0	1	0	0	1	0	0	0	0	-3	negative
23880	cheer	0.126953125	0	1	0	0	1	0	1	0	1	1	2	positive
23884	cheerful	0.6875	0	0	0	0	1	0	1	0	1	0	2	positive
23896	cheery	0.5	0	1	0	0	1	0	1	0	0	0	3	positive
24195	chic	0.5625	0	0	0	0	0	0	0	0	0	0	2	positive
24330	childish	-0.375	0	0	0	0	0	1	0	0	0	0	-2	negative
24755	choke	0.0005187988	1	0	0	0	0	1	0	1	0	0	-2	negative
25844	clarity	0.3125	0	0	0	0	0	0	0	0	0	0	2	positive
25854	clash	-0.140625	1	0	0	0	0	1	0	0	0	0	-2	negative
26094	clean	0.1445007835	0	0	0	0	1	0	1	0	0	1	2	positive
26238	clever	0.53125	0	0	0	0	0	0	1	0	0	0	2	positive
27454	collapse	0.1163330078	0	0	1	1	0	1	0	1	0	0	-2	negative
27522	collide	-0.09375	0	0	0	0	0	0	0	0	0	0	-1	negative
27920	comfort	-0.009765625	0	1	0	0	1	0	1	0	0	1	2	positive
27993	commend	0.3203125	0	0	0	0	0	0	1	0	0	0	2	positive
28473	compassionate	-0.125	0	0	0	0	0	0	1	0	0	0	2	positive
28502	competent	0.625	0	0	0	0	0	0	1	0	0	1	2	positive
28505	competitive	0.09375	0	0	0	0	0	0	0	0	0	0	2	positive
28517	complacent	-0.125	0	0	0	0	0	0	0	0	0	0	-2	negative
28519	complain	-0.25	1	0	0	0	0	1	0	1	0	0	-2	negative
28924	condemn	0.109375	1	0	0	0	0	1	0	0	0	0	-2	negative
28926	condemnation	-0.1875	1	1	1	1	0	1	0	1	0	0	-2	negative
29075	confidence	0.234375	0	0	0	1	1	0	1	0	0	1	2	positive
29113	conflict	-0.03515625	1	0	0	1	0	1	0	1	0	0	-2	negative
29146	confuse	-0.3828125	0	0	0	0	0	1	0	0	0	0	-2	negative
29407	consent	0.125	0	0	0	0	0	0	0	0	0	0	2	positive
29626	contagious	0.3125	0	0	1	1	0	1	0	0	0	0	-1	negative
29662	contempt	-0.421875	1	0	1	1	0	1	0	0	0	0	-2	negative
29668	contemptuous	-0.625	1	0	0	0	0	1	0	0	0	0	-2	negative
29680	contentious	0.375	1	0	1	1	0	1	0	0	0	0	-2	negative
29879	controversial	0.5	1	0	0	0	0	1	0	0	0	0	-2	negative
29991	convince	0.125	0	1	0	0	0	0	1	0	0	1	1	positive
30865	costly	0.25	0	0	0	0	0	0	0	0	0	0	-2	negative
31200	courage	-0.125	0	0	0	0	0	0	1	0	0	0	2	positive
31201	courageous	0.25	0	0	0	1	0	0	1	0	0	0	2	positive
31244	courteous	0.8125	0	0	0	0	0	0	1	0	0	0	2	positive
31247	courtesy	0.71875	0	0	0	0	0	0	1	0	0	0	2	positive
31343	coward	-0.125	0	0	1	1	0	1	0	1	0	0	-2	negative
31346	cowardly	-0.5	0	0	0	1	0	1	0	0	0	0	-2	negative
31652	crazy	-0.29296875	1	0	0	1	0	1	0	1	0	0	-2	negative
31706	creative	0.1875	0	0	0	0	0	0	1	0	0	0	2	positive
31922	crime	-0.1875	1	0	0	0	0	1	0	0	0	0	-3	negative
31929	criminal	-0.375	1	0	1	1	0	1	0	0	0	0	-3	negative
31984	crisis	-0.0625	0	0	0	0	0	1	0	0	0	0	-3	negative
32006	critic	0.0625	0	0	0	0	0	1	0	0	0	0	-2	negative
32018	criticism	-0.125	1	0	0	0	0	1	0	1	0	0	-2	negative
32020	criticize	-0.1875	1	0	1	1	0	1	0	1	0	0	-2	negative
32362	cruel	-0.625	1	0	1	1	0	1	0	1	0	0	-3	negative
32368	cruelty	-0.4375	1	0	1	1	0	1	0	1	0	0	-3	negative
32398	crush	-0.176574707	0	0	0	0	0	0	0	0	0	0	-1	negative
32405	crushing	-0.375	1	0	1	1	0	1	0	0	0	0	-1	negative
32423	cry	-0.017578125	0	0	0	0	0	1	0	1	0	0	-1	negative
32963	curse	-0.0541992188	1	0	1	1	0	1	0	1	0	0	-1	negative
33086	cut	0.0156245522	0	0	0	0	0	0	0	0	0	0	-1	negative
33130	cute	0.5625	0	0	0	0	0	0	1	0	0	0	2	positive
33775	damage	-0.58203125	1	0	1	0	0	1	0	1	0	0	-3	negative
33817	damn	-0.25	1	0	1	0	0	1	0	0	0	0	-4	negative
33822	damned	0.078125	0	0	0	0	0	1	0	0	0	0	-4	negative
33899	danger	-0.609375	0	0	0	1	0	1	0	1	0	0	-2	negative
34039	darkness	-0.46484375	1	0	0	1	0	1	0	1	0	0	-1	negative
34435	deadlock	-0.375	0	0	0	0	0	1	0	0	0	0	-2	negative
34479	dear	0.3671875	0	0	0	0	0	0	1	0	0	0	2	positive
34487	death	-0.001953125	1	1	1	1	0	1	0	1	1	0	-2	negative
34644	deceit	-0.5	1	0	1	1	0	1	0	1	1	0	-3	negative
34645	deceitful	-0.5625	0	0	1	0	0	1	0	1	0	0	-3	negative
34648	deceive	-0.4375	1	0	1	0	0	1	0	1	0	0	-3	negative
34674	deception	-0.3125	0	0	0	0	0	1	0	0	0	0	-3	negative
34723	decisive	0.234375	0	0	0	0	0	0	0	0	0	0	1	positive
34981	defect	-0.1171875	1	0	0	0	0	1	0	0	0	0	-3	negative
35058	defiant	-0.125	1	0	0	0	0	1	0	0	0	0	-1	negative
35151	degrade	-0.15625	0	0	1	0	0	1	0	0	0	0	-2	negative
35279	delight	0.2109375	0	1	0	0	1	0	1	0	0	0	3	positive
35280	delighted	-0.25	0	1	0	0	1	0	1	0	1	0	3	positive
35372	demand	-0.0043945313	1	0	0	0	0	1	0	0	0	0	-1	both
35627	denounce	-0.03125	1	0	1	0	0	1	0	0	0	0	-2	negative
35696	deny	-0.005859375	1	0	0	0	0	1	0	0	0	0	-2	negative
35877	depressed	-0.28125	1	0	0	1	0	1	0	1	0	0	-2	negative
35879	depressing	-0.5	0	0	1	0	0	1	0	1	0	0	-2	negative
36108	desirable	0.5	0	0	0	0	0	0	1	0	0	0	2	positive
36114	desirous	0.375	0	0	0	0	0	0	1	0	0	0	2	positive
36149	despair	-0.15625	1	0	1	1	0	1	0	1	0	0	-3	negative
36150	despairing	-0.5	0	0	0	1	0	1	0	1	0	0	-3	negative
36155	desperate	-0.287109375	0	0	0	0	0	1	0	0	0	0	-3	negative
36228	destructive	-0.625	1	0	1	1	0	1	0	0	0	0	-3	negative
36374	devastate	0.0625	1	0	0	1	0	1	0	1	0	0	-2	negative
36376	devastating	-0.09375	1	0	1	1	0	1	0	1	0	1	-2	negative
36966	difficult	-0.6875	0	0	0	1	0	0	0	0	0	0	-1	negative
37097	dilemma	-0.25	0	0	0	0	0	0	0	0	0	0	-1	negative
37379	dire	-0.5625	0	0	1	1	0	1	0	1	1	0	-3	negative
37443	dirt	-0.1875	0	0	1	0	0	1	0	0	0	0	-2	negative
37452	dirty	-0.4896240234	0	0	1	0	0	1	0	0	0	0	-2	negative
37486	disadvantage	-0.625	0	0	0	0	0	0	0	0	0	0	-2	negative
37515	disappoint	-0.25	1	0	1	0	0	1	0	1	0	0	-2	negative
37516	disappointed	-0.5	1	0	1	0	0	1	0	1	0	0	-2	negative
37518	disappointing	-0.75	0	0	0	0	0	1	0	1	0	0	-2	negative
37520	disappointment	-0.375	0	0	1	0	0	1	0	1	0	0	-2	negative
37544	disaster	-0.3125	1	0	1	1	0	1	0	1	1	0	-2	negative
37547	disastrous	-0.75	1	0	0	1	0	1	0	1	0	0	-3	negative
37557	disbelieve	-0.5	0	0	0	0	0	1	0	0	0	0	-2	negative
37672	discord	-0.0546875	1	0	1	0	0	1	0	0	0	0	-2	negative
37735	disdain	-0.28125	1	0	1	0	0	1	0	0	0	0	-2	negative
37789	disgrace	-0.484375	1	0	1	0	0	1	0	1	0	0	-2	negative
37790	disgraced	-0.5	1	0	1	0	0	1	0	1	0	0	-2	negative
37801	disgust	-0.1875	1	0	1	1	0	1	0	1	0	0	-3	negative
37806	disgusting	-0.5	1	0	1	1	0	1	0	0	0	0	-3	negative
37835	dishonest	-0.125	1	0	1	0	0	1	0	1	0	0	-2	negative
37929	dislike	-0.40625	1	0	1	0	0	1	0	0	0	0	-2	negative
37941	dismal	-0.625	0	0	1	1	0	1	0	1	0	0	-2	negative
37970	disorder	-0.1171875	0	0	0	1	0	1	0	0	0	0	-2	negative
37981	disorganized	-0.25	0	0	0	0	0	1	0	0	0	0	-2	negative
37992	disparage	-0.25	1	0	1	0	0	1	0	1	0	0	-2	negative
37997	disparaging	-0.75	1	0	1	0	0	1	0	1	0	0	-2	negative
38084	dispute	0.03125	1	0	0	0	0	1	0	0	0	0	-2	negative
38099	disregard	-0.265625	0	0	0	0	0	1	0	0	0	0	-2	negative
38112	disrespect	0.1953125	1	0	0	0	0	1	0	0	0	0	-2	negative
38124	disruption	-0.359375	1	0	0	1	0	1	0	0	1	0	-2	negative
38131	dissatisfied	-0.5	0	0	0	0	0	0	0	0	0	0	-2	negative
38260	distract	-0.0625	0	0	0	0	0	1	0	0	0	0	-2	negative
38264	distraction	-0.171875	0	0	0	0	0	1	0	0	0	0	-2	negative
38272	distress	-0.54296875	1	0	1	1	0	1	0	1	1	0	-2	negative
38275	distressed	-0.671875	0	0	0	1	0	1	0	0	0	0	-2	negative
38280	distressing	-0.9375	1	0	0	1	0	1	0	0	0	0	-2	negative
38310	distrust	0.0625	1	0	1	1	0	1	0	0	0	0	-3	negative
38318	disturbed	-0.625	1	0	0	0	0	1	0	1	0	0	-2	negative
38508	dizzy	-0.3125	0	0	0	0	0	1	0	0	0	0	-1	negative
38978	doom	-0.09375	0	0	0	1	0	1	0	0	0	0	-2	negative
39256	doubt	0.28125	0	0	0	1	0	1	0	1	0	1	-1	negative
39259	doubtful	0.125	0	0	0	0	0	1	0	0	0	0	-1	negative
39342	downcast	-0.21875	0	0	0	0	0	0	0	0	0	0	-2	negative
39617	dread	-0.5	0	1	0	1	0	1	0	0	0	0	-2	negative
39619	dreadful	-0.625	1	1	1	1	0	1	0	1	0	0	-3	negative
39626	dream	-0.0322265625	0	0	0	0	0	0	0	0	0	0	1	positive
39643	dreary	-0.5	0	0	0	0	0	1	0	1	0	0	-2	negative
40117	dubious	-0.15625	0	0	0	1	0	1	0	0	0	1	-2	negative
40240	dull	-0.0502991676	0	0	0	0	0	1	0	1	0	0	-2	negative
40253	dumb	-0.28125	0	0	0	0	0	1	0	0	0	0	-3	negative
40277	dump	-0.2509765625	0	0	0	0	0	0	0	0	0	0	-1	negative
40673	eager	0.1875	0	1	0	0	1	0	1	0	1	1	2	positive
40747	earnest	-0.015625	0	0	0	0	0	0	1	0	0	0	2	positive
40805	ease	-0.0043945313	0	0	0	0	0	0	1	0	0	0	2	positive
40924	easy	0.1103057861	0	0	0	0	0	0	0	0	0	0	1	positive
41165	ecstatic	-0.25	0	1	0	0	1	0	1	0	1	0	4	positive
41454	effective	0.203125	0	0	0	0	0	0	1	0	0	1	2	positive
41794	elated	0.25	0	0	0	0	1	0	1	0	0	0	3	positive
42101	elegant	0.3125	0	0	0	0	1	0	1	0	0	0	2	positive
42383	embarrass	-0.125	0	0	0	0	0	1	0	1	0	0	-2	negative
42386	embarrassing	-0.75	0	0	0	0	0	1	0	0	0	0	-2	negative
42388	embarrassment	0.03125	0	0	0	1	0	1	0	1	1	0	-2	negative
42438	embrace	0.109375	0	1	0	0	1	0	1	0	1	1	1	positive
42658	emptiness	-0.09375	0	0	0	0	0	0	0	1	0	0	-1	negative
42661	empty	0.0063476563	0	0	0	0	0	0	0	0	0	0	-1	negative
42752	enchanted	0.375	0	0	0	0	1	0	1	0	0	1	2	positive
42786	encourage	0.125	0	0	0	0	1	0	1	0	0	1	2	positive
42788	encouragement	-0.125	0	0	0	0	0	0	1	0	0	0	2	positive
42924	endorsement	0.03125	0	0	0	0	0	0	0	0	0	0	2	positive
42971	energetic	0.1875	0	0	0	0	0	0	1	0	0	0	2	positive
43132	enjoy	0.375	0	1	0	0	1	0	1	0	0	1	2	positive
43290	enterprising	0.375	0	0	0	0	0	0	1	0	0	0	1	positive
43296	entertaining	0.375	0	1	0	0	1	0	1	0	0	0	2	positive
43419	envious	0.125	0	0	0	0	0	1	0	0	0	0	-2	negative
44064	erroneous	-0.75	0	0	0	0	0	1	0	0	0	0	-2	negative
44068	error	-0.068359375	0	0	0	0	0	1	0	1	0	0	-2	negative
44426	ethical	0.28125	0	0	0	0	0	0	1	0	0	0	2	positive
45039	evil	-0.3046875	1	0	1	1	0	1	0	1	0	0	-3	negative
45104	exaggerate	0.3125	1	0	0	0	0	1	0	0	0	0	-2	negative
45149	excellence	0.3125	0	0	1	0	1	0	1	0	0	1	3	positive
45151	excellent	1	0	0	0	0	1	0	1	0	0	1	3	positive
45188	excite	-0.11328125	1	1	0	1	1	0	1	0	1	0	3	positive
45189	excited	0.09375	0	1	0	0	1	0	1	0	1	1	3	positive
45192	excitement	0.0625	0	1	0	0	1	0	1	0	1	0	3	positive
45193	exciting	0.3125	0	1	0	0	1	0	1	0	1	0	3	positive
45204	exclusion	0.03125	0	0	1	1	0	1	0	1	0	0	-1	negative
45245	excuse	-0.0048828125	0	0	0	0	0	1	0	0	0	0	-1	positive
45552	exploit	0.140625	0	0	0	0	0	0	0	0	0	0	-2	negative
45598	expose	0.0588378906	0	1	0	1	0	0	0	0	0	0	-1	negative
45599	exposed	-0.5625	0	0	0	0	0	1	0	0	0	0	-1	negative
46169	failing	-0.0625	1	1	0	1	0	1	0	1	0	0	-2	negative
46172	failure	-0.404296875	0	0	1	1	0	1	0	1	0	0	-2	negative
46184	fair	-0.0444259644	0	0	0	0	0	0	1	0	0	0	2	positive
46238	faithful	0.1875	0	0	0	0	0	0	1	0	0	1	3	positive
46244	fake	-0.21875	0	0	0	0	0	1	0	0	0	0	-3	negative
46428	falsify	-0.25	0	0	1	0	0	1	0	0	0	0	-3	negative
46437	fame	0.25	0	0	0	0	0	0	1	0	0	0	1	positive
47757	farce	0.0625	0	0	0	0	0	1	0	0	0	0	-1	negative
47842	fascinating	0.5	0	0	0	0	0	0	1	0	0	0	3	positive
47970	fatigue	0.015625	0	0	0	0	0	1	0	0	0	0	-2	negative
48043	favor	-0.0053710938	0	0	0	0	0	0	0	0	0	0	2	positive
48050	favorite	0.1171875	0	0	0	0	1	0	1	0	0	1	2	positive
48088	fear	-0.4755859375	1	0	0	1	0	1	0	0	0	0	-2	negative
48089	fearful	-0.6328125	0	0	0	1	0	1	0	1	0	0	-2	negative
48093	fearless	0.1875	0	0	0	1	0	0	1	0	0	0	2	positive
48253	feeble	-0.296875	0	0	0	0	0	1	0	1	0	0	-2	negative
48574	fervent	-0.1875	0	0	0	0	0	0	0	0	0	0	2	positive
48680	fiasco	-0.375	0	0	0	0	0	1	0	0	0	0	-3	negative
48959	fight	0.009765625	1	0	0	1	0	1	0	0	0	0	-1	negative
50745	fondness	0.3125	0	0	0	0	1	0	1	0	0	0	2	positive
50791	fool	0.119140625	0	0	1	0	0	1	0	0	0	0	-2	negative
50804	foolish	0.25	0	0	0	0	0	1	0	0	0	0	-2	negative
51141	forget	-0.0625	0	0	0	0	0	1	0	0	0	0	-1	negative
51144	forgetful	-0.125	0	0	0	0	0	0	0	0	0	0	-2	negative
51152	forgive	0.125	0	0	0	0	0	0	1	0	0	0	1	positive
51156	forgiving	0.3125	0	0	0	0	0	0	1	0	0	1	1	positive
51307	fortunate	0.78125	0	0	0	0	0	0	1	0	0	0	2	positive
51783	fraud	-0.15625	1	0	0	0	0	1	0	0	0	0	-4	negative
51792	fraudulent	-0.625	1	0	1	0	0	1	0	0	0	0	-4	negative
51931	freedom	0.0625	0	0	0	0	1	0	1	0	0	1	2	positive
52075	frenzy	-0.125	0	0	0	0	0	1	0	0	0	0	-3	negative
52188	friendly	0.1953125	0	1	0	0	1	0	1	0	0	1	2	positive
52207	fright	0.375	0	0	0	1	0	1	0	0	1	0	-2	negative
52480	frustrate	-0.0625	1	0	1	0	0	1	0	1	0	0	-2	negative
52481	frustrated	-0.5	1	0	0	0	0	1	0	0	0	0	-2	negative
52485	frustration	-0.1875	1	0	0	0	0	1	0	0	0	0	-2	negative
52704	fun	-0.203125	0	1	0	0	1	0	1	0	0	0	4	positive
52835	furious	-0.03125	1	0	1	0	0	1	0	0	0	0	-3	negative
52912	futile	-0.5	0	0	0	0	0	1	0	1	0	0	2	negative
53048	gain	0.105682373	0	1	0	0	1	0	1	0	0	0	2	positive
53152	gallant	0.11328125	0	0	0	0	0	0	1	0	0	0	3	positive
54030	generous	-0.1875	0	0	0	0	1	0	1	0	0	1	2	positive
54068	genial	0.375	0	0	0	0	1	0	1	0	0	0	3	positive
58714	glad	0.1015625	0	1	0	0	1	0	1	0	0	0	3	positive
58835	glee	-0.3125	0	0	0	0	1	0	1	0	0	0	3	positive
58951	gloom	-0.1875	0	0	0	0	0	1	0	1	0	0	-1	negative
58956	gloomy	-0.625	0	0	0	0	0	1	0	1	0	0	-2	negative
58972	glory	0.0625	0	1	0	0	1	0	1	0	0	1	2	positive
59050	glum	-0.5	0	0	0	0	0	1	0	1	0	0	-2	negative
59597	good	0.7083761115	0	1	0	0	1	0	1	0	1	1	3	positive
59670	goodness	0.8125	0	1	0	0	1	0	1	0	1	1	3	positive
59900	grace	0.287328125	0	0	0	0	0	0	1	0	0	0	1	positive
59921	gracious	0.609375	0	0	0	0	0	0	1	0	0	0	3	positive
60048	grand	0.1457519531	0	0	0	0	0	0	0	0	0	0	3	positive
60264	grateful	0.1875	0	0	0	0	0	0	1	0	0	0	3	positive
60282	grave	-0.0107421875	0	0	0	1	0	1	0	1	0	0	-2	negative
60541	greatest	0.875	0	0	0	0	0	0	0	0	0	0	3	positive
60557	greed	-0.375	1	0	1	0	0	1	0	0	0	0	-3	negative
60560	greedy	0.0625	0	0	1	0	0	1	0	0	0	0	-2	negative
60730	greet	0.125	0	0	0	0	0	0	0	0	0	0	1	positive
60851	grief	-0.25	0	0	0	0	0	1	0	1	0	0	-2	negative
60987	gross	0.0114746094	0	0	1	0	0	1	0	0	0	0	-2	negative
61255	guarantee	0.234375	0	0	0	0	0	0	1	0	0	1	1	positive
61370	guilt	-0.75	0	0	1	0	0	1	0	1	0	0	-3	negative
61380	guilty	-0.125	1	0	0	0	0	1	0	1	0	0	-3	negative
61460	gullible	0.3125	0	0	0	0	0	1	0	1	0	1	-2	negative
62030	hail	0.0234375	0	0	0	0	0	1	1	0	0	1	2	positive
62669	happiness	-0.25	0	1	0	0	1	0	1	0	0	0	3	positive
62670	happy	0.453125	0	1	0	0	1	0	1	0	0	1	3	positive
62802	hardship	-0.34375	0	0	0	0	0	1	0	1	0	0	-2	negative
62814	hardy	0.03125	0	0	0	0	1	0	1	0	0	1	2	positive
62860	harm	-0.421875	0	0	0	1	0	1	0	0	0	0	-2	negative
62863	harmful	-0.625	1	0	1	1	0	1	0	1	0	0	-2	negative
63065	hate	-0.5	1	0	1	1	0	1	0	1	0	0	-3	negative
63150	havoc	-0.5	1	0	0	1	0	1	0	0	0	0	-2	negative
63399	healthy	0.6953125	0	0	0	0	0	0	1	0	0	0	2	positive
63830	hell	-0.4375	1	0	1	1	0	1	0	1	0	0	-4	negative
63905	helpful	0.25	0	0	0	0	1	0	1	0	0	1	2	positive
63910	helpless	-0.65625	0	0	0	1	0	1	0	1	0	0	-2	negative
64375	hero	0.125	0	1	0	0	1	0	1	0	1	1	2	positive
64386	heroic	0.07421875	0	0	0	0	1	0	1	0	1	1	3	positive
64932	hilarious	-0.25	0	0	0	0	1	0	1	0	1	0	2	positive
65256	hoax	0.125	1	0	1	0	0	1	0	1	1	0	-2	negative
65773	honest	0.357421875	1	0	1	1	1	0	1	1	0	1	2	positive
65833	honor	0.31640625	0	0	0	0	0	0	1	0	0	1	2	positive
65965	hope	0.0893554688	0	1	0	0	1	0	1	0	1	1	2	positive
65968	hopeful	0.03125	0	1	0	0	1	0	1	0	1	1	2	positive
65973	hopeless	-0.359375	0	0	0	1	0	1	0	1	0	0	-2	negative
65975	hopelessness	-0.125	1	0	1	1	0	1	0	1	0	0	-2	negative
66084	horrible	-0.625	1	0	1	1	0	1	0	0	0	0	-3	negative
66089	horrific	-0.75	1	0	1	1	0	1	0	1	0	0	-3	negative
66250	hostile	-0.21484375	1	0	1	1	0	1	0	0	0	0	-2	negative
66604	hug	0.25	0	0	0	0	1	0	1	0	0	1	2	positive
66745	humiliation	0.15625	0	0	1	0	0	1	0	1	0	0	-3	negative
66838	hunger	0.0234375	0	0	0	0	0	0	0	0	0	0	-2	negative
66918	hurt	-0.4501647949	1	0	0	1	0	1	0	1	0	0	-2	negative
67520	hypocritical	-0.375	0	0	1	0	0	1	0	0	0	0	-2	negative
67637	hysteria	-0.59375	0	0	0	1	0	1	0	0	0	0	-3	negative
67639	hysterical	-0.25	1	0	0	1	0	1	0	0	0	0	-3	negative
67948	idiot	-0.125	0	0	1	0	0	1	0	0	0	0	-3	negative
67952	idiotic	0.34375	1	0	1	0	0	1	0	0	0	0	-3	negative
68040	ignorance	0.5	0	0	0	0	0	1	0	0	0	0	-2	negative
68041	ignorant	-0.21875	0	0	1	0	0	1	0	0	0	0	-2	negative
68045	ignore	-0.125	0	0	0	0	0	1	0	0	0	0	-1	negative
68124	ill	-0.5834960938	1	0	1	1	0	1	0	1	0	0	-2	negative
68502	impatient	-0.375	0	1	0	0	0	1	0	0	0	0	-2	negative
68660	importance	0.375	0	1	0	0	0	0	1	0	0	0	2	positive
68661	important	0.2421875	0	0	0	0	0	0	1	0	0	1	2	positive
68674	impose	-0.15625	0	0	0	0	0	0	0	0	0	0	-1	negative
68678	imposing	0.25	0	0	0	0	0	0	0	0	0	0	-1	negative
68693	impotent	-0.375	0	0	0	0	0	1	0	0	0	0	-2	negative
68752	improve	0.375	0	1	0	0	1	0	1	0	0	1	2	positive
68753	improved	0.15625	0	0	0	0	0	0	1	0	0	0	2	positive
68754	improvement	0.28125	0	0	0	0	1	0	1	0	0	1	2	positive
68760	improving	0.75	0	0	0	0	0	0	1	0	0	0	2	positive
68977	inability	-0.125	0	0	0	0	0	1	0	1	0	0	-2	negative
68987	inaction	-0.125	0	0	0	0	0	1	0	0	0	0	-2	negative
68994	inadequate	-0.5625	0	0	0	0	0	1	0	1	0	0	-2	negative
69074	incapable	-0.53125	0	0	0	0	0	0	0	0	0	0	-2	negative
69206	incompetence	-0.1875	0	0	0	0	0	1	0	0	0	0	-2	negative
69208	incompetent	-0.25	1	0	0	0	0	1	0	1	0	0	-2	negative
69244	inconsiderate	-0.1875	1	0	1	0	0	1	0	1	0	0	-2	negative
69271	inconvenient	-0.6875	1	0	1	0	0	1	0	1	0	0	-2	negative
69357	indecisive	0.09375	0	0	0	0	0	1	0	0	0	0	-2	negative
69409	indestructible	0.125	0	0	0	0	0	0	1	0	0	1	2	positive
69533	indifference	-0.375	1	0	1	1	0	1	0	1	0	0	-2	negative
69550	indignant	-0.75	1	0	0	0	0	1	0	0	0	0	-2	negative
69755	ineffective	-0.21875	0	0	0	0	0	1	0	0	0	0	-2	negative
69911	inferior	-0.41015625	0	0	0	0	0	1	0	1	0	0	-2	negative
70008	influential	0.125	0	0	0	0	0	0	1	0	0	1	2	positive
70242	injury	-0.40625	1	0	0	1	0	1	0	1	0	0	-2	negative
70243	injustice	0.0625	1	0	0	0	0	1	0	0	0	0	-2	negative
70323	innovation	0.1875	0	0	0	0	0	0	1	0	0	0	1	positive
70382	inquisitive	0.125	0	0	0	0	0	0	1	0	0	0	2	positive
70395	insane	-0.1875	1	0	0	1	0	1	0	0	0	0	-2	negative
70400	insanity	-0.125	1	0	1	1	0	1	0	1	0	0	-2	negative
70427	insecure	-0.4375	1	0	0	1	0	1	0	1	0	0	-2	negative
70477	insignificant	-0.03125	1	0	0	0	0	1	0	1	0	0	-2	negative
70524	inspiration	0.04296875	0	1	0	0	1	0	1	0	0	0	2	positive
70528	inspire	0.0625	0	1	0	0	1	0	1	0	0	1	2	positive
70651	insult	-0.1875	1	0	1	0	0	1	0	1	1	0	-2	negative
70653	insulting	-0.625	1	0	1	1	0	1	0	1	0	0	-2	negative
70688	intact	0.125	0	0	0	0	0	0	1	0	0	1	2	positive
70713	integrity	0.6875	0	0	0	0	0	0	1	0	0	1	2	positive
70739	intelligent	0.3125	0	0	0	0	0	0	1	0	0	1	2	positive
70847	interest	0.3601074219	0	0	0	0	0	0	1	0	0	0	1	positive
70852	interested	0.25	0	0	1	0	0	0	1	1	0	0	2	positive
70854	interesting	0.375	0	0	0	0	0	0	1	0	0	0	2	positive
71097	interrupt	-0.109375	1	0	0	0	0	1	0	0	1	0	-2	negative
71102	interruption	0.0625	0	0	0	0	0	0	0	0	0	0	-2	negative
71174	intimidate	0.0625	0	0	0	1	0	1	0	0	0	0	-2	negative
71434	invincible	-0.5	0	0	0	0	0	0	0	0	0	0	2	positive
71600	irate	-0.375	1	0	0	0	0	1	0	0	0	0	-3	negative
71725	ironic	-0.125	0	0	0	0	0	0	0	0	0	0	-1	negative
71755	irrational	-0.09375	0	0	1	1	0	1	0	0	0	0	-1	negative
71803	irresistible	-0.0625	0	0	0	0	0	0	0	0	0	0	2	positive
71814	irresponsible	0.5	0	0	0	0	0	1	0	0	0	0	2	negative
71823	irreversible	-0.5	0	0	0	0	0	0	0	0	0	0	-1	negative
71842	irritating	-0.28125	1	0	1	0	0	1	0	0	0	0	-3	negative
71994	isolated	-0.03515625	0	0	0	1	0	1	0	1	0	0	-1	negative
72783	jealous	-0.0625	1	0	1	0	0	1	0	0	0	0	-2	negative
72899	jeopardy	-0.25	0	1	0	1	0	1	0	0	0	0	-2	negative
72910	jerk	-0.0657958984	1	0	0	0	0	0	0	0	1	0	-3	negative
73448	joke	0.32421875	0	0	0	0	0	1	0	0	0	0	2	positive
73600	jovial	0.625	0	0	0	0	1	0	1	0	0	0	2	positive
73608	joy	0.328125	0	0	0	0	1	0	1	0	0	0	3	positive
73611	joyful	-0.1875	0	0	0	0	1	0	1	0	0	1	3	positive
73617	joyous	-0.375	0	0	0	0	1	0	1	0	0	0	3	positive
73634	jubilant	0.0625	0	0	0	0	1	0	1	0	1	1	3	positive
73963	justice	0.03125	0	0	0	0	0	0	1	0	0	1	2	positive
74776	kill	-0.0386199951	0	0	0	1	0	1	0	1	0	0	-3	negative
74836	kind	0.3125	0	0	0	0	1	0	1	0	0	1	2	positive
75018	kiss	0.015625	0	1	0	0	1	0	1	0	1	0	2	positive
75764	lack	0.0625	0	0	0	0	0	1	0	0	0	0	-2	negative
76790	laugh	0.046875	0	0	0	0	1	0	1	0	1	0	1	negative
77184	leak	-0.0004882813	0	0	0	0	0	1	0	0	0	0	-1	negative
77660	lenient	0.1875	0	0	0	0	0	0	1	0	0	0	1	positive
77975	lethargic	-0.125	0	0	0	0	0	0	0	0	0	0	-2	negative
77978	lethargy	0.09375	0	0	0	0	0	1	0	1	0	0	-2	negative
78190	liar	-0.625	0	0	1	0	0	1	0	0	0	0	-3	negative
78714	limitation	-0.015625	0	0	0	0	0	0	0	0	0	0	-1	negative
78715	limited	-0.1376953125	1	0	0	0	0	1	0	1	0	0	-1	negative
79283	litigious	0.1875	1	0	1	0	0	1	0	0	0	0	-2	negative
79435	livid	-0.171875	1	0	1	0	0	1	0	0	0	0	-2	negative
79534	loathe	-0.25	1	0	1	0	0	1	0	0	0	0	-3	negative
79538	loathing	-0.375	0	0	1	0	0	1	0	0	0	0	-3	negative
79877	lonely	-0.0625	1	0	1	1	0	1	0	1	0	0	-2	negative
79879	lonesome	-0.125	0	0	0	0	0	1	0	1	0	0	-2	negative
80233	loss	-0.076171875	1	0	0	1	0	1	0	1	0	0	-3	negative
80240	lost	-0.0827636719	0	0	0	0	0	1	0	1	0	0	-3	negative
80381	lovable	0.625	0	0	0	0	1	0	1	0	0	1	3	positive
80385	love	0.3522949219	0	0	0	0	1	0	1	0	0	0	3	positive
80423	lovely	0.40625	0	1	0	0	1	0	1	1	1	1	3	positive
80598	loyal	0.3125	0	0	0	1	1	0	1	0	1	1	3	positive
80673	luck	0.0625	0	1	0	0	1	0	1	0	1	0	3	positive
80684	lucky	0.8125	0	0	0	0	1	0	1	0	1	0	3	positive
80837	lunatic	-0.3125	1	0	1	1	0	1	0	0	0	0	-3	negative
80897	lurk	0.09375	0	0	0	0	0	1	0	0	0	0	-1	negative
81471	mad	0.078125	1	0	1	1	0	1	0	1	0	0	-3	negative
81521	madness	-0.078125	1	0	0	1	0	1	0	0	0	0	-3	negative
82576	manipulation	0.0625	1	0	0	1	0	1	0	0	0	0	-1	negative
83276	marvel	0.125	0	0	0	0	0	0	1	0	1	0	3	positive
83282	marvelous	0.0625	0	0	0	0	1	0	1	0	0	0	3	positive
83500	masterpiece	0.375	0	0	0	0	1	0	1	0	0	0	4	positive
84013	meaningless	-0.25	0	0	0	0	0	1	0	1	0	0	-2	negative
84251	mediocrity	0.1875	0	0	0	0	0	1	0	0	0	0	-3	negative
84421	melancholy	-0.5078125	0	0	0	0	0	1	0	1	0	0	-2	negative
84621	menace	-0.0625	1	0	0	1	0	1	0	0	0	0	-2	negative
84894	mercy	0.0546875	0	0	0	0	0	0	1	0	0	0	2	positive
84969	merry	0.40625	0	0	0	0	1	0	1	0	0	0	3	positive
85062	mess	-0.046875	0	0	1	0	0	1	0	0	0	0	-2	negative
86365	miracle	0.125	0	1	0	0	1	0	1	0	1	1	4	positive
86395	mirth	0.25	0	0	0	0	1	0	1	0	0	0	3	positive
86446	mischief	-0.6875	0	0	0	0	0	1	0	0	0	0	-1	negative
86480	miserable	-0.828125	1	0	1	0	0	1	0	1	0	0	-3	negative
86486	misery	-0.375	1	0	1	1	0	1	0	1	0	0	-2	negative
86528	misleading	-0.625	1	0	1	0	0	1	0	0	0	0	-3	negative
86572	misrepresentation	-0.3125	0	0	0	0	0	1	0	1	0	0	-2	negative
86575	miss	-0.0546875	0	0	0	0	0	0	0	0	0	0	-2	negative
86623	mistake	-0.1171875	0	0	0	0	0	1	0	1	0	0	-2	negative
86624	mistaken	-0.375	0	0	0	1	0	1	0	0	0	0	-2	negative
86655	misunderstand	-0.625	0	0	0	0	0	1	0	0	0	0	-2	negative
86656	misunderstanding	-0.375	1	0	0	0	0	1	0	1	0	0	-2	negative
86769	moan	-0.75	0	0	0	1	0	0	0	1	0	0	-2	negative
86821	mocking	-0.5	1	0	1	0	0	1	0	1	0	0	-2	negative
87520	moody	-0.078125	1	0	0	0	0	1	0	1	0	0	-1	negative
88166	mourn	-0.375	0	0	0	0	0	1	0	1	0	0	-2	negative
88169	mournful	-0.75	1	0	0	1	0	1	0	1	0	0	-2	negative
88691	murder	-0.4375	1	0	1	1	0	1	0	1	1	0	-2	negative
88702	murderous	0.5	1	0	1	1	0	1	0	1	1	0	-3	negative
89503	naive	0.21875	0	0	0	0	0	1	0	0	0	0	-2	negative
89787	nasty	-0.8125	1	0	1	1	0	1	0	1	0	0	-3	negative
90257	needy	-0.23275	0	0	0	0	0	1	0	0	0	0	-2	negative
90276	negative	-0.4456176758	0	0	0	0	0	1	0	1	0	0	-2	negative
90300	neglect	-0.0346679688	0	0	0	0	0	1	0	0	0	0	-2	negative
90302	neglected	-0.25	1	0	1	0	0	1	0	1	0	0	-2	negative
90587	nervous	-0.1484375	0	1	0	1	0	1	0	0	0	0	-2	negative
91544	noble	0.0078125	0	0	0	0	0	0	1	0	0	1	2	positive
92031	nonsense	0.09375	0	0	0	0	0	1	0	0	0	0	-2	negative
92705	numb	-0.421875	0	0	0	0	0	1	0	0	0	0	-1	negative
93097	obliterate	-0.1328125	1	0	0	1	0	1	0	1	0	0	-2	negative
93098	obliterated	-0.125	1	0	0	1	0	1	0	0	0	0	-2	negative
93109	obnoxious	-0.625	1	0	1	0	0	1	0	1	0	0	-3	negative
93120	obscene	-0.59375	0	0	1	0	0	1	0	0	0	0	-2	negative
93182	obstinate	-0.4375	0	0	0	0	0	1	0	0	0	0	-2	negative
93567	offend	-0.171875	1	0	1	0	0	1	0	0	0	0	-2	negative
94051	ominous	-0.625	0	1	0	1	0	1	0	0	0	0	3	negative
94634	opportunity	0.5	0	1	0	0	0	0	1	0	0	0	2	positive
94653	oppressive	0.125	1	0	1	1	0	1	0	1	0	0	-2	negative
94715	optimism	0.25	0	1	0	0	1	0	1	0	1	1	2	positive
95974	outcry	-0.09375	1	0	0	1	0	1	0	0	1	0	-2	negative
96064	outrage	-0.150390625	1	0	1	0	0	1	0	0	0	0	-3	negative
96110	outstanding	0.484375	0	0	0	0	1	1	1	0	0	0	5	positive
96333	overjoyed	-0.75	0	0	0	0	1	0	1	0	0	0	4	positive
96945	pain	-0.45703125	0	0	0	1	0	1	0	1	0	0	-2	negative
97388	panic	-0.109375	0	0	0	1	0	1	0	0	0	0	-3	negative
97851	pardon	0.0078125	0	0	0	0	0	0	1	0	0	0	2	positive
98356	passive	0.078125	0	0	0	0	0	1	0	0	0	0	-1	negative
98496	pathetic	-0.61475	0	0	1	0	0	1	0	1	0	0	-2	negative
98771	peace	0.0390625	0	1	0	0	1	0	1	0	0	1	2	positive
98789	peaceful	0.25	0	1	0	0	1	0	1	0	1	1	2	positive
99205	penalty	-0.296875	1	0	0	1	0	1	0	1	0	0	-2	negative
99610	perfect	0.1484375	0	1	0	0	1	0	1	0	0	1	3	positive
99699	peril	-0.3359375	0	1	0	1	0	1	0	1	0	0	-2	negative
99921	perplexed	-0.75	0	0	0	0	0	1	0	0	0	0	-2	negative
100132	pessimism	-0.1875	1	0	0	1	0	1	0	1	0	0	-2	negative
101328	picturesque	0.1875	0	0	0	0	1	0	1	0	0	0	2	positive
101978	pique	-0.21875	1	0	0	0	0	1	0	0	0	0	-2	negative
102161	pity	-0.765625	0	0	0	0	0	0	0	1	0	0	-2	negative
102662	playful	0.25	1	0	0	0	1	0	1	0	1	1	2	positive
102704	pleasant	0.625	0	1	0	0	1	0	1	0	1	1	3	positive
102712	pleased	-0.25	0	0	0	0	1	0	1	0	0	0	3	positive
103311	poison	-0.41015625	1	0	1	1	0	1	0	1	0	0	-2	negative
104030	popular	0.078125	0	0	0	0	0	0	0	0	0	0	3	positive
104672	poverty	-0.625	1	0	1	1	0	1	0	1	0	0	-1	negative
104765	powerful	0.1953125	1	1	1	1	1	0	1	0	0	1	2	positive
104769	powerless	-0.125	1	0	1	1	0	1	0	1	0	0	-2	negative
105263	prepared	0.3125	0	1	0	0	0	0	1	0	0	1	1	positive
105498	pretend	-0.0263671875	0	0	0	0	0	1	0	0	0	0	-1	negative
105530	pretty	-0.09375	0	1	0	0	1	0	1	0	0	1	1	positive
105873	prison	-0.0625	1	0	0	1	0	1	0	1	0	0	-2	negative
105935	privileged	-0.0625	0	0	0	0	1	0	1	0	0	1	2	positive
106244	progress	0.06640625	0	1	0	0	1	0	1	0	0	0	2	positive
106334	promise	-0.00390625	0	0	0	0	1	0	1	0	0	1	1	positive
106554	prosecute	-0.03125	1	0	0	1	0	1	0	1	0	0	-1	negative
106586	prospect	0.189453125	0	0	0	0	0	0	1	0	0	0	1	positive
106597	prosperous	0.578125	0	0	0	0	1	0	1	0	0	0	3	positive
106643	protect	-0.375	0	0	0	0	0	0	1	0	0	0	1	positive
106779	proud	0.4375	0	1	0	0	1	0	1	0	0	1	2	positive
107694	punitive	-0.25	1	0	0	1	0	1	0	1	0	0	-2	negative
108055	puzzled	-0.5	0	0	0	0	0	0	0	0	0	0	-2	negative
109195	rage	-0.154296875	1	0	0	0	0	1	0	0	0	0	-2	negative
109545	rant	0.125	0	0	0	0	0	0	0	0	0	0	-3	negative
109633	rapture	0.0625	0	1	0	0	1	0	1	0	0	0	2	positive
109667	rash	-0.171875	0	0	1	0	0	1	0	0	0	0	-2	negative
110307	reckless	-0.625	1	0	0	1	0	1	0	0	0	0	-2	negative
110353	recommend	0.3125	0	0	0	0	0	0	1	0	0	1	2	positive
111054	refuse	-0.017578125	0	0	0	0	0	1	0	0	0	0	-2	negative
111141	regret	-0.3984375	0	0	0	0	0	1	0	1	0	0	-2	negative
111270	reject	-0.0654296875	1	0	0	1	0	1	0	1	0	0	-1	negative
111277	rejoice	0.34375	0	1	0	0	1	0	1	0	1	1	4	positive
111280	rejoicing	-0.15625	0	1	0	0	1	0	1	0	1	0	4	positive
111337	relaxed	-0.625	0	0	0	0	0	0	0	0	0	0	2	positive
111456	remarkable	0.1875	0	0	0	0	1	0	1	0	1	1	2	positive
111510	remorse	-0.5	0	0	0	0	0	1	0	1	0	0	-2	negative
111950	rescue	0.28125	0	1	0	0	1	0	1	0	1	1	2	positive
111984	resentful	-0.875	1	0	0	0	0	1	0	0	0	0	-2	negative
112072	resolute	0.5	0	0	0	0	0	0	0	0	0	0	2	positive
112077	resolve	0.001953125	0	0	0	0	0	0	0	0	0	0	2	positive
112154	responsible	0.21875	0	0	0	0	0	0	1	0	0	1	2	positive
112158	responsive	0.15625	0	1	0	0	0	0	1	0	0	1	2	positive
112182	restful	0.375	0	0	0	0	0	0	1	0	0	0	2	positive
112214	restricted	-0.0625	0	0	0	0	0	0	0	0	0	0	-2	negative
112216	restriction	0.125	1	0	0	1	0	1	0	1	0	0	-2	negative
112277	retard	-0.0078125	0	0	1	1	0	1	0	1	0	0	-2	negative
112445	revenge	-0.375	1	1	0	1	0	1	0	0	1	0	-2	negative
112537	revive	0.015625	0	1	0	0	0	1	1	0	0	0	2	positive
112584	reward	0.20703125	0	1	0	0	1	0	1	0	1	1	2	positive
113053	ridiculous	0.21875	1	0	1	0	0	1	0	0	0	0	-3	negative
113202	rigorous	-0.0625	0	0	0	0	0	1	0	0	0	0	3	negative
113378	risk	-0.07421875	0	1	0	1	0	1	0	0	0	0	-2	negative
114735	ruin	-0.0254516602	0	0	0	1	0	1	0	1	0	0	-2	negative
115281	sadly	-0.5	0	0	0	0	0	1	0	1	0	0	-2	negative
115291	safe	0.0703125	0	0	0	0	1	0	1	0	0	1	1	positive
116840	scandalous	-0.5	1	0	0	0	0	1	0	0	0	0	-3	negative
116865	scapegoat	-0.375	1	0	0	1	0	1	0	0	0	0	-2	negative
116900	scare	0.0625	1	1	0	1	0	1	0	0	1	0	-2	negative
117367	scold	-0.3125	1	0	1	1	0	1	0	1	0	0	-2	negative
117444	scorn	-0.40625	1	0	0	0	0	1	0	0	0	0	-2	negative
118787	selfish	0.25	1	0	1	0	0	1	0	0	0	0	-3	negative
118790	selfishness	-0.625	0	0	0	0	0	1	0	0	0	0	-3	negative
119801	sexy	0.625	0	0	0	0	0	0	0	0	0	0	3	positive
119912	shaky	-0.1875	1	1	0	1	0	1	0	0	0	0	-2	negative
119940	shame	-0.521484375	0	0	1	1	0	1	0	1	0	0	-2	negative
119946	shameful	-0.4375	0	0	0	0	0	1	0	1	0	0	-2	negative
120481	shock	-0.0614624023	1	0	0	1	0	1	0	0	1	0	-2	negative
121005	sick	-0.1323242188	0	0	1	0	0	1	0	1	0	0	-2	negative
121256	significance	0.0625	0	0	0	0	0	0	0	0	0	0	1	positive
121257	significant	0.109375	0	0	0	0	0	0	0	0	0	0	1	positive
121382	silly	-0.2734375	0	0	0	0	1	1	0	0	0	0	-1	negative
121640	sincere	0.5	0	0	0	0	0	0	1	0	0	1	2	positive
121644	sincerity	0.28125	0	0	0	0	0	0	1	0	0	0	2	positive
121659	sinful	-0.5	1	0	1	1	0	1	0	1	0	0	-3	negative
122209	skepticism	0.3125	0	0	0	0	0	0	0	0	0	0	-2	negative
122875	sluggish	-0.09375	0	0	0	0	0	1	0	1	0	0	-2	negative
123015	smear	-0.326171875	0	0	0	0	0	0	0	0	0	0	-2	negative
123039	smile	0.03125	0	0	0	0	1	0	1	0	1	1	2	positive
123046	smiling	0.125	0	0	0	0	1	0	1	0	0	0	2	positive
123985	solid	0.0702695847	0	0	0	0	0	0	1	0	0	0	2	positive
124113	somber	-0.4375	0	0	0	0	0	1	0	1	0	0	-2	negative
124224	soothe	0.375	0	0	0	0	0	0	1	0	0	0	3	positive
124293	sore	-0.28125	1	0	0	0	0	1	0	1	0	0	-1	negative
124323	sorrow	-0.546875	0	0	0	1	0	1	0	1	0	0	-2	negative
124325	sorrowful	-0.75	0	0	0	0	0	1	0	1	0	0	-2	negative
124850	sparkle	0.109375	0	1	0	0	1	0	1	0	1	0	3	positive
125499	spirit	0.19140625	0	0	0	0	0	0	1	0	0	0	1	positive
125566	spiteful	-0.25	1	0	0	0	0	1	0	0	0	0	-2	negative
125610	splendid	0.6875	0	0	0	0	1	0	1	0	1	0	3	positive
126366	stab	-0.046875	1	0	0	1	0	1	0	1	1	0	-2	negative
126383	stable	0.015625	0	0	0	0	0	0	1	0	0	1	2	positive
126976	steadfast	0.375	0	0	0	0	0	0	1	0	0	1	2	positive
126994	steal	-0.2578125	1	0	0	1	0	1	0	1	0	0	-2	negative
127297	stereotype	-0.125	0	0	0	0	0	1	0	0	0	0	-2	negative
127918	straight	0.1245402098	0	0	0	0	0	0	0	0	0	0	1	positive
128231	stricken	-0.1875	0	0	0	0	0	0	0	1	0	0	-2	negative
128252	strike	-0.0058593955	1	0	0	0	0	1	0	0	0	0	-1	negative
128439	struggle	-0.0390625	1	0	0	1	0	1	0	1	0	0	-2	negative
128539	stunned	-0.3125	0	0	0	1	0	1	0	0	1	0	-2	positive
128561	stupid	-0.265625	0	0	0	0	0	1	0	0	0	0	-2	negative
129094	substantially	0.125	0	0	0	0	0	0	0	0	0	0	1	positive
129184	success	0.328125	0	1	0	0	1	0	1	0	0	0	2	positive
129185	successful	0.625	0	1	0	0	1	0	1	0	0	1	3	positive
129279	suffer	-0.162109375	0	0	0	0	0	1	0	0	0	0	-2	negative
129284	suffering	-0.71484375	0	0	1	1	0	1	0	1	0	0	-2	negative
129357	suicidal	-0.5	1	0	1	1	0	1	0	1	0	0	-2	negative
129440	sullen	-0.1875	1	0	0	0	0	1	0	1	0	0	-2	negative
129697	superb	0.875	0	0	0	0	0	0	1	0	0	0	5	positive
129770	superior	0.3147277832	0	0	0	0	0	0	1	0	0	0	2	positive
130185	suspect	-0.015625	0	0	0	1	0	1	0	0	0	0	-1	negative
130208	suspicious	-0.5625	1	1	0	0	0	1	0	0	0	0	-2	negative
130388	swear	0.046875	0	0	0	0	0	0	1	0	0	1	-2	negative
130446	sweet	0.1198387146	0	1	0	0	1	0	1	0	1	1	2	positive
130798	sympathetic	-0.10546875	0	0	0	1	1	0	1	1	0	1	2	negative
130810	sympathy	-0.125	0	0	0	0	0	0	1	1	0	0	2	negative
132812	tender	5.62667846679688E-005	0	0	0	0	1	0	1	0	0	1	2	positive
132905	tense	-0.03125	0	0	0	0	0	0	0	0	0	0	-2	negative
132915	tension	-0.140625	1	0	0	0	0	0	0	0	0	0	-1	negative
133074	terrible	-0.46875	1	0	1	1	0	1	0	1	0	0	-3	negative
133076	terribly	0.1875	0	0	0	0	0	0	0	1	0	0	-3	negative
133080	terrific	0.21875	0	0	0	0	0	0	0	1	0	0	4	positive
133100	terror	-0.078125	0	0	0	1	0	1	0	0	0	0	-3	negative
133114	terrorize	0.0625	1	0	0	1	0	1	0	1	0	0	-3	negative
133393	thankful	0.25	0	0	0	0	1	0	1	0	0	0	2	positive
134073	thorny	-0.625	0	0	0	1	0	1	0	0	0	0	-2	negative
134100	thoughtful	0.515625	0	0	0	0	0	0	1	0	0	1	2	positive
134103	thoughtless	0.0625	1	0	1	0	0	1	0	0	0	0	-2	negative
134139	threat	-0.140625	1	0	0	1	0	1	0	0	0	0	-2	negative
134140	threaten	-0.1875	1	1	0	1	0	1	0	0	0	0	-2	negative
134143	threatening	-0.375	1	0	1	1	0	1	0	0	0	0	-2	negative
134808	timid	0.21875	0	0	0	1	0	1	0	1	0	0	-2	negative
134961	tired	-0.0625	0	0	0	0	0	1	0	0	0	0	-2	negative
135291	tolerant	0.203125	0	0	0	0	0	0	1	0	0	0	2	positive
135530	top	-3.814697265625E-006	0	1	0	0	0	0	1	0	0	1	2	positive
135713	torture	0.06640625	1	1	1	1	0	1	0	1	0	0	-4	negative
136139	tragedy	-0.4375	0	0	0	1	0	1	0	1	0	0	-2	negative
136147	tragic	-0.375	0	0	0	0	0	1	0	0	0	0	-2	negative
136239	tranquil	0.0625	0	0	0	0	1	0	1	0	0	0	2	positive
136536	traumatic	-0.4375	1	0	0	1	0	1	0	1	0	0	-3	negative
136598	travesty	0.0625	0	0	1	1	0	1	0	1	0	0	-2	negative
136622	treason	0.125	1	0	1	1	0	1	0	0	1	0	-3	negative
136627	treasure	0.03125	0	1	0	0	1	0	1	0	0	1	2	positive
136963	trickery	-0.125	1	0	1	1	0	1	0	1	1	0	-2	negative
137229	triumph	0.34375	0	1	0	0	1	0	1	0	0	0	4	positive
137232	triumphant	-0.25	0	1	0	0	1	0	1	0	0	1	4	positive
137428	true	0.1068954468	0	0	0	0	1	0	1	0	0	1	2	positive
137537	trust	0.2337036133	0	0	0	0	0	0	0	0	0	1	1	positive
138530	ugly	-0.625	0	0	1	0	0	1	0	0	0	0	-3	negative
138730	unacceptable	-0.15625	0	0	0	0	0	1	0	1	0	0	-2	negative
138912	unbelievable	-0.25	0	0	0	0	0	1	0	0	0	0	-1	negative
138925	unbiased	-0.1875	0	0	0	0	0	0	1	0	0	0	2	positive
138997	uncertain	-0.21875	1	0	1	1	0	1	0	0	1	0	-1	negative
139082	uncomfortable	-0.6875	0	0	0	0	0	1	0	0	0	0	-2	negative
139124	unconfirmed	-0.625	0	0	0	0	0	0	0	0	0	0	-1	negative
139232	undecided	-0.34375	0	1	0	1	0	1	0	0	0	0	-1	negative
139313	underestimate	-0.21875	0	0	0	0	0	0	0	0	1	0	-1	negative
139445	undesirable	-0.5	1	0	1	1	0	1	0	1	0	0	-2	negative
139550	uneasy	-0.5390625	0	0	1	1	0	1	0	0	0	0	-2	negative
139600	unequal	-0.375	1	0	1	1	0	1	0	1	0	0	-1	negative
139771	unfulfilled	-0.5	1	1	0	0	0	1	0	1	1	0	-2	negative
139840	unhappy	-0.71875	1	0	1	0	0	1	0	1	0	0	-2	negative
139853	unhealthy	-0.4375	0	0	1	1	0	1	0	1	0	0	-2	negative
140194	unjust	-0.34375	1	0	0	0	0	1	0	0	0	0	-2	negative
140830	unsettled	-0.109375	1	0	1	1	0	1	0	0	0	0	-1	negative
140897	unsophisticated	-0.25	0	0	0	0	0	1	0	0	0	0	-2	negative
140927	unstable	-0.2734375	0	0	0	1	0	1	0	0	1	0	-2	negative
140986	unsupported	-0.625	0	0	0	0	0	1	0	0	0	0	-2	negative
141232	unworthy	-0.15625	0	0	1	0	0	1	0	0	0	0	-2	negative
141377	upset	-0.0585803986	1	0	0	0	0	1	0	1	0	0	-2	negative
141664	usefulness	0.25	0	0	0	0	0	0	1	0	0	0	2	positive
141665	useless	-0.5	0	0	0	0	0	1	0	0	0	0	-2	negative
143172	vicious	-0.140625	1	0	1	0	0	1	0	0	0	0	-2	negative
143288	vigilant	0.375	0	0	0	1	0	0	1	0	0	1	3	positive
143455	violent	-0.0234375	1	0	1	1	0	1	0	0	1	0	-3	negative
143598	virtuous	0.5625	0	0	0	0	1	0	1	0	0	1	2	positive
143672	visionary	-0.125	0	1	0	0	1	0	1	0	0	1	3	positive
143745	vitality	0.390625	0	0	0	0	1	0	1	0	0	1	3	positive
143823	vivacious	0.625	0	0	0	0	1	0	1	0	0	0	3	positive
144151	vulnerable	0.03125	0	0	0	0	0	0	0	0	0	0	-2	positive
144499	war	-0.015625	0	0	0	1	0	1	0	0	0	0	-2	negative
144595	warning	-0.140625	0	0	0	1	0	0	0	0	0	0	-3	negative
144707	waste	0.045791626	0	0	1	0	0	1	0	0	0	0	-1	negative
145125	weakness	-0.0625	0	0	0	0	0	1	0	0	0	0	-2	negative
145132	wealthy	-0.25	0	0	0	0	0	0	0	0	0	0	2	positive
145173	weary	0.15625	0	0	0	0	0	1	0	1	0	0	-2	negative
145317	weep	-0.75	0	0	0	0	0	1	0	1	0	0	-2	negative
145370	weird	-0.0625	0	0	1	0	0	1	0	0	0	0	-2	negative
146308	wicked	-0.3671875	0	0	0	1	0	1	0	0	0	0	-2	negative
146723	willingness	0.125	0	0	0	0	0	0	1	0	0	0	2	positive
147221	woeful	-0.8125	0	0	0	0	0	1	0	1	0	0	-3	negative
147309	wonderful	0.75	0	0	0	0	1	0	1	0	1	1	4	positive
147328	woo	0.1875	0	0	0	0	0	0	0	0	0	0	3	positive
147741	worn	-0.5625	0	0	0	0	0	1	0	1	0	0	-1	negative
147745	worried	-0.8125	0	0	0	0	0	1	0	1	0	0	-3	negative
147751	worry	0.1318359375	0	1	0	1	0	1	0	1	0	0	-3	negative
147752	worrying	-0.21875	0	1	0	1	0	1	0	1	0	0	-3	negative
147755	worse	0.014	0	0	0	1	0	1	0	1	0	0	-3	negative
147758	worsening	-0.125	0	0	1	0	0	1	0	1	0	0	-3	negative
147772	worth	0.109375	0	0	0	0	0	0	1	0	0	0	2	positive
147782	worthy	0.640625	0	0	0	0	0	0	1	0	0	1	2	positive
147823	wreck	-0.34375	1	0	1	1	0	1	0	1	1	0	-2	negative
147936	wrong	-0.4898071289	0	0	0	0	0	1	0	0	0	0	-2	negative
